{"cameraMode":{"drawMode":0,"name":"Shaded","section":"Shading Mode"},"sceneLighting":true,"audioPlay":false,"sceneViewState":{"m_AlwaysRefresh":false,"showFog":true,"showSkybox":true,"showFlares":true,"showImageEffects":true,"showParticleSystems":true,"showVisualEffectGraphs":true,"m_FxEnabled":true},"in2DMode":false,"pivot":{"x":-10.48231315612793,"y":-530.1039428710938,"z":337.14349365234377},"rotation":{"x":-0.4487260580062866,"y":0.010822311043739319,"z":-0.005820138845592737,"w":-0.8937439918518066},"size":341.8695373535156,"orthographic":false}