{"cameraMode":{"drawMode":0,"name":"Shaded","section":"Shading Mode"},"sceneLighting":true,"audioPlay":false,"sceneViewState":{"m_AlwaysRefresh":false,"showFog":true,"showSkybox":true,"showFlares":true,"showImageEffects":true,"showParticleSystems":true,"showVisualEffectGraphs":true,"m_FxEnabled":true},"in2DMode":false,"pivot":{"x":10.595296859741211,"y":-9.278266906738282,"z":13.794960021972657},"rotation":{"x":-0.28428488969802859,"y":-0.020971443504095079,"z":0.0062817176803946499,"w":-0.9585762619972229},"size":71.1738510131836,"orthographic":false}