{"cameraMode":{"drawMode":0,"name":"Shaded","section":"Shading Mode"},"sceneLighting":true,"audioPlay":false,"sceneViewState":{"m_AlwaysRefresh":false,"showFog":true,"showSkybox":true,"showFlares":true,"showImageEffects":true,"showParticleSystems":true,"showVisualEffectGraphs":true,"m_FxEnabled":true},"in2DMode":false,"pivot":{"x":-49.794044494628909,"y":-51.83485412597656,"z":100.55015563964844},"rotation":{"x":-0.15093261003494264,"y":0.14878787100315095,"z":-0.023442286998033525,"w":-0.9772019386291504},"size":98.66558074951172,"orthographic":false}