{"cameraMode":{"drawMode":0,"name":"Shaded","section":"Shading Mode"},"sceneLighting":true,"audioPlay":false,"sceneViewState":{"m_AlwaysRefresh":false,"showFog":true,"showSkybox":true,"showFlares":true,"showImageEffects":true,"showParticleSystems":true,"showVisualEffectGraphs":true,"m_FxEnabled":true},"in2DMode":false,"pivot":{"x":1.7273173332214356,"y":-29.79254913330078,"z":-6.4510040283203129},"rotation":{"x":0.32010963559150698,"y":-0.0067801023833453659,"z":0.002416932722553611,"w":0.9474945664405823},"size":55.75667953491211,"orthographic":false}