{"cameraMode":{"drawMode":0,"name":"Shaded","section":"Shading Mode"},"sceneLighting":true,"audioPlay":false,"sceneViewState":{"m_AlwaysRefresh":false,"showFog":true,"showSkybox":true,"showFlares":true,"showImageEffects":true,"showParticleSystems":true,"showVisualEffectGraphs":true,"m_FxEnabled":true},"in2DMode":false,"pivot":{"x":22.042156219482423,"y":-23.787708282470704,"z":-24.106918334960939},"rotation":{"x":-0.20304301381111146,"y":-0.2276267558336258,"z":0.048617832362651828,"w":-0.951201319694519},"size":29.949527740478517,"orthographic":false}