{"cameraMode":{"drawMode":0,"name":"Shaded","section":"Shading Mode"},"sceneLighting":true,"audioPlay":false,"sceneViewState":{"m_AlwaysRefresh":false,"showFog":true,"showSkybox":true,"showFlares":true,"showImageEffects":true,"showParticleSystems":true,"showVisualEffectGraphs":true,"m_FxEnabled":true},"in2DMode":false,"pivot":{"x":1.7918339967727662,"y":14.093452453613282,"z":-57.5435905456543},"rotation":{"x":-0.3915194571018219,"y":-0.015963075682520868,"z":0.006907223258167505,"w":-0.920106053352356},"size":29.653942108154298,"orthographic":false}