{"cameraMode":{"drawMode":0,"name":"Shaded","section":"Shading Mode"},"sceneLighting":false,"audioPlay":false,"sceneViewState":{"m_AlwaysRefresh":false,"showFog":true,"showSkybox":false,"showFlares":true,"showImageEffects":true,"showParticleSystems":true,"showVisualEffectGraphs":true,"m_FxEnabled":true},"in2DMode":false,"pivot":{"x":3.558668613433838,"y":0.1724119782447815,"z":-2.9382519721984865},"rotation":{"x":-0.08433307707309723,"y":0.17898979783058167,"z":-0.015314836986362934,"w":-0.9802064895629883},"size":10.428838729858399,"orthographic":false}